campaign_id,impressions,clicks,ctr
CMP005,13648608306,375627610,0.027521
CMP022,13703365735,377109904,0.027520
CMP023,13657508417,375769033,0.027514
CMP011,13714973625,377330481,0.027512
CMP018,13708338704,377076026,0.027507
CMP026,13652760288,375491308,0.027503
CMP019,13675562649,376096719,0.027501
CMP042,13717935895,377260350,0.027501
CMP004,13705584584,376906722,0.027500
CMP027,13719269461,377233894,0.027497
